nis;id_semester;id_th_matpel;nilai_p;nilai_k;nilai_mid
04.192035;1;2;100;90;90
04.191902;1;2;100;90;90
04.192069;1;2;100;90;90
04.181679;1;2;100;90;90
04.181611;1;2;100;90;90
04.181658;1;2;100;90;90
04.181800;1;2;100;90;90
04.181577;1;2;100;90;90
